{
	"Player": {
		"Position": [
			-53.422451,
			19.883963,
			18.689400
		],
		"VoxelSelector": 13
	}
}